대피소명,주소,위도,경도,유형
수도권 광역급행철도 동탄역,,37.20034,127.09569,비상대피시설(지하철역)
수도권 광역급행철도 구성역,,37.29913,127.10389,비상대피시설(지하철역)
수도권 광역급행철도 성남역,,37.39467,127.12058,비상대피시설(지하철역)
수도권 광역급행철도 수서역,,37.48637,127.10161,비상대피시설(지하철역)
수도권 광역급행철도 삼성역,,37.50887,127.06324,비상대피시설(지하철역)
수도권 광역급행철도 서울역,,37.55569,126.97296,비상대피시설(지하철역)
수도권 광역급행철도 연신내역,,37.61878,126.9213,비상대피시설(지하철역)
수도권 광역급행철도 대곡역,,37.63191,126.81113,비상대피시설(지하철역)
수도권 광역급행철도 킨텍스역,,37.66532,126.74843,비상대피시설(지하철역)
수도권 광역급행철도 운정역,,37.71614,126.72841,비상대피시설(지하철역)
김포골드라인 김포공항역,,37.56236,126.801868,비상대피시설(지하철역)
김포골드라인 고촌역,,37.601243,126.770345,비상대피시설(지하철역)
김포골드라인 풍무역,,37.612488,126.732387,비상대피시설(지하철역)
김포골드라인 사우(김포시청)역,,37.620249,126.719731,비상대피시설(지하철역)
김포골드라인 걸포북변역,,37.63165,126.705975,비상대피시설(지하철역)
김포골드라인 운양역,,37.653867,126.68393,비상대피시설(지하철역)
김포골드라인 장기역,,37.643986,126.669017,비상대피시설(지하철역)
김포골드라인 마산역,,37.640732,126.644344,비상대피시설(지하철역)
김포골드라인 구래역,,37.645384,126.628633,비상대피시설(지하철역)
김포골드라인 양촌역,,37.642379,126.614309,비상대피시설(지하철역)
서해선 원시역,,37.302371,126.786691,비상대피시설(지하철역)
서해선 원곡역,,37.31321,126.796261,비상대피시설(지하철역)
서해선 초지역,,37.319619,126.808147,비상대피시설(지하철역)
서해선 선부역,,37.334353,126.809904,비상대피시설(지하철역)
서해선 달미역,,37.348847,126.809409,비상대피시설(지하철역)
서해선 시흥능곡역,,37.369864,126.808573,비상대피시설(지하철역)
서해선 시흥시청역,,37.382223,126.805625,비상대피시설(지하철역)
서해선 신현역,,37.409008,126.788017,비상대피시설(지하철역)
서해선 신천역,,37.439066,126.786788,비상대피시설(지하철역)
서해선 시흥대야역,,37.450145,126.793041,비상대피시설(지하철역)
서해선 소새울역,,37.468467,126.797252,비상대피시설(지하철역)
서해선 소사역,,37.483279,126.795023,비상대피시설(지하철역)
우이신설선 신설동역,,37.576095,127.023242,비상대피시설(지하철역)
우이신설선 보문역,,37.585286,127.019381,비상대피시설(지하철역)
우이신설선 성신여대입구(돈암)역,,37.592467,127.016516,비상대피시설(지하철역)
우이신설선 정릉역,,37.603133,127.013396,비상대피시설(지하철역)
우이신설선 북한산보국문역,,37.612072,127.008251,비상대피시설(지하철역)
우이신설선 솔샘역,,37.620238,127.013626,비상대피시설(지하철역)
우이신설선 삼양사거리역,,37.621337,127.020473,비상대피시설(지하철역)
우이신설선 삼양역,,37.626914,127.018106,비상대피시설(지하철역)
우이신설선 화계역,,37.634133,127.017511,비상대피시설(지하철역)
우이신설선 가오리역,,37.641537,127.016789,비상대피시설(지하철역)
우이신설선 4.19민주묘지역,,37.649502,127.013684,비상대피시설(지하철역)
우이신설선 솔밭공원역,,37.65603,127.013273,비상대피시설(지하철역)
우이신설선 북한산우이역,,37.662909,127.012706,비상대피시설(지하철역)
의정부선 탑석역,,37.733579,127.088704,비상대피시설(지하철역)
의정부선 송산역,,37.737279,127.087159,비상대피시설(지하철역)
의정부선 어룡역,,37.742802,127.085035,비상대피시설(지하철역)
의정부선 곤제역,,37.750471,127.083715,비상대피시설(지하철역)
의정부선 효자역,,37.754025,127.076902,비상대피시설(지하철역)
의정부선 경기도청북부청사역,,37.75059,127.071495,비상대피시설(지하철역)
의정부선 새말역,,37.748885,127.06362,비상대피시설(지하철역)
의정부선 동오역,,37.745271,127.056947,비상대피시설(지하철역)
의정부선 의정부중앙역,,37.743676,127.049565,비상대피시설(지하철역)
의정부선 흥선역,,37.743302,127.037023,비상대피시설(지하철역)
의정부선 의정부시청역,,37.739256,127.034781,비상대피시설(지하철역)
의정부선 경전철의정부역,,37.737202,127.043257,비상대피시설(지하철역)
의정부선 범골역,,37.728755,127.04353,비상대피시설(지하철역)
의정부선 회룡역,,37.725006,127.047073,비상대피시설(지하철역)
의정부선 발곡역,,37.727048,127.052803,비상대피시설(지하철역)
에버라인선 전대.에버랜드역,,37.285342,127.219561,비상대피시설(지하철역)
에버라인선 둔전역,,37.267051,127.21364,비상대피시설(지하철역)
에버라인선 보평역,,37.258965,127.218457,비상대피시설(지하철역)
에버라인선 고진역,,37.24484,127.214251,비상대피시설(지하철역)
에버라인선 운동장.송담대역,,37.237845,127.209198,비상대피시설(지하철역)
에버라인선 김량장역,,37.237247,127.198781,비상대피시설(지하철역)
에버라인선 명지대역,,37.237964,127.190294,비상대피시설(지하철역)
에버라인선 시청.용인대역,,37.239151,127.178406,비상대피시설(지하철역)
에버라인선 삼가역,,37.242115,127.168075,비상대피시설(지하철역)
에버라인선 초당역,,37.260752,127.159443,비상대피시설(지하철역)
에버라인선 동백역,,37.269043,127.152716,비상대피시설(지하철역)
에버라인선 어정역,,37.274917,127.143714,비상대피시설(지하철역)
에버라인선 지석역,,37.269606,127.136515,비상대피시설(지하철역)
에버라인선 강남대역,,37.270161,127.126033,비상대피시설(지하철역)
에버라인선 기흥역,,37.275449,127.116665,비상대피시설(지하철역)
신림선 관악산(서울대)역,,37.4691018,126.9450639,비상대피시설(지하철역)
신림선 서울대벤처타운역,,37.4720019,126.9339351,비상대피시설(지하철역)
신림선 서원역,,37.4782341,126.9330365,비상대피시설(지하철역)
신림선 신림역,,37.4849266,126.9296159,비상대피시설(지하철역)
신림선 당곡역,,37.4902998,126.9275133,비상대피시설(지하철역)
신림선 보라매병원역,,37.4929598,126.9234964,비상대피시설(지하철역)
신림선 보라매공원역,,37.4955691,126.9180827,비상대피시설(지하철역)
신림선 보라매역,,37.5002739,126.9204355,비상대피시설(지하철역)
신림선 서울지방병무청역,,37.5060464,126.9227083,비상대피시설(지하철역)
신림선 대방역,,37.5133059,126.9257265,비상대피시설(지하철역)
신림선 샛강역,,37.5170969,126.929399,비상대피시설(지하철역)
4호선 남태령역,,37.463873,126.989134,비상대피시설(지하철역)
4호선 사당역,,37.47653,126.981685,비상대피시설(지하철역)
4호선 총신대입구(이수)역,,37.486263,126.981989,비상대피시설(지하철역)
신분당선(연장) 광교(경기대)역,,37.30211,127.044483,비상대피시설(지하철역)
신분당선(연장) 광교중앙(아주대)역,,37.288617,127.051478,비상대피시설(지하철역)
신분당선(연장) 상현역,,37.297664,127.069342,비상대피시설(지하철역)
신분당선(연장) 성복역,,37.313335,127.0801,비상대피시설(지하철역)
신분당선(연장) 수지구청역,,37.322702,127.095026,비상대피시설(지하철역)
신분당선(연장) 동천역,,37.337928,127.102976,비상대피시설(지하철역)
신분당선(연장) 미금역,,37.349982,127.108918,비상대피시설(지하철역)
신분당선 정자역,,37.367098,127.108403,비상대피시설(지하철역)
신분당선 판교역,,37.394761,127.112217,비상대피시설(지하철역)
신분당선 청계산입구역,,37.447211,127.055664,비상대피시설(지하철역)
4호선 동작(현충원)역,,37.502971,126.979306,비상대피시설(지하철역)
신분당선 양재시민의숲(매헌)역,,37.470023,127.03842,비상대피시설(지하철역)
신분당선 양재(서초구청)역,,37.483809,127.034653,비상대피시설(지하철역)
신분당선 강남역,,37.496837,127.028104,비상대피시설(지하철역)
신분당선(연장2) 신논현역,,37.504598,127.02506,비상대피시설(지하철역)
신분당선(연장2) 논현역,,37.511093,127.021415,비상대피시설(지하철역)
신분당선(연장2) 신사역,,37.516334,127.020114,비상대피시설(지하철역)
4호선 이촌(국립중앙박물관)역,,37.522272,126.974345,비상대피시설(지하철역)
4호선 신용산역,,37.52917,126.967894,비상대피시설(지하철역)
4호선 삼각지역,,37.534777,126.97311,비상대피시설(지하철역)
4호선 숙대입구(갈월)역,,37.54456,126.972106,비상대피시설(지하철역)
4호선 서울역,,37.554648,126.972559,비상대피시설(지하철역)
4호선 회현(남대문시장)역,,37.558514,126.978246,비상대피시설(지하철역)
4호선 명동역,,37.560989,126.986325,비상대피시설(지하철역)
4호선 충무로역,,37.561243,126.99428,비상대피시설(지하철역)
4호선 동대문역사문화공원역,,37.565138,127.007896,비상대피시설(지하철역)
공항철도1호선 영종역,,37.51202,126.524254,비상대피시설(지하철역)
공항철도1호선 인천공항2터미널역,,37.460699,126.441442,비상대피시설(지하철역)
공항철도1호선 인천공항1터미널역,,37.447464,126.452508,비상대피시설(지하철역)
공항철도1호선 공항화물청사역,,37.459041,126.477516,비상대피시설(지하철역)
공항철도1호선 운서역,,37.492904,126.49379,비상대피시설(지하철역)
공항철도1호선 청라국제도시역,,37.556409,126.624648,비상대피시설(지하철역)
4호선 동대문역,,37.57142,127.009745,비상대피시설(지하철역)
공항철도1호선 검암역,,37.569098,126.674007,비상대피시설(지하철역)
공항철도1호선 계양역,,37.571662,126.7363,비상대피시설(지하철역)
공항철도1호선 김포공항역,,37.561842,126.801904,비상대피시설(지하철역)
공항철도1호선 마곡나루역,,37.565543,126.827378,비상대피시설(지하철역)
공항철도1호선 디지털미디어시티역,,37.576958,126.898609,비상대피시설(지하철역)
공항철도1호선 홍대입구역,,37.557438,126.926715,비상대피시설(지하철역)
공항철도1호선 공덕역,,37.54253,126.952024,비상대피시설(지하철역)
공항철도1호선 서울역,,37.553247,126.969769,비상대피시설(지하철역)
4호선 혜화역,,37.582336,127.001844,비상대피시설(지하철역)
4호선 한성대입구(삼선교)역,,37.588458,127.006221,비상대피시설(지하철역)
4호선 성신여대입구(돈암)역,,37.592624,127.016403,비상대피시설(지하철역)
4호선 길음역,,37.603407,127.025053,비상대피시설(지하철역)
4호선 미아사거리역,,37.613292,127.030053,비상대피시설(지하철역)
4호선 미아(서울사이버대학)역,,37.62667,127.025983,비상대피시설(지하철역)
4호선 수유(강북구청)역,,37.638052,127.025732,비상대피시설(지하철역)
9호선(연장) 중앙보훈병원역,,37.529191,127.148739,비상대피시설(지하철역)
9호선(연장) 둔촌오륜역,,37.519683,127.137989,비상대피시설(지하철역)
9호선(연장) 올림픽공원(한국체대)역,,37.516269,127.130288,비상대피시설(지하철역)
9호선(연장) 한성백제역,,37.516404,127.116503,비상대피시설(지하철역)
9호선(연장) 송파나루역,,37.510372,127.112216,비상대피시설(지하철역)
9호선(연장) 석촌역,,37.505208,127.10704,비상대피시설(지하철역)
9호선(연장) 석촌고분역,,37.502558,127.097033,비상대피시설(지하철역)
9호선(연장) 삼전역,,37.504738,127.088025,비상대피시설(지하철역)
9호선(연장) 종합운동장역,,37.511426,127.076275,비상대피시설(지하철역)
4호선 쌍문역,,37.648627,127.034709,비상대피시설(지하철역)
9호선(연장) 봉은사역,,37.514219,127.060245,비상대피시설(지하철역)
9호선(연장) 삼성중앙역,,37.513011,127.053282,비상대피시설(지하철역)
9호선(연장) 선정릉역,,37.510297,127.043999,비상대피시설(지하철역)
9호선(연장) 언주역,,37.507287,127.033868,비상대피시설(지하철역)
9호선 신논현역,,37.504598,127.02506,비상대피시설(지하철역)
9호선 사평역,,37.504206,127.015259,비상대피시설(지하철역)
9호선 고속터미널역,,37.50598,127.004403,비상대피시설(지하철역)
9호선 신반포역,,37.503415,126.995925,비상대피시설(지하철역)
9호선 구반포역,,37.501364,126.987332,비상대피시설(지하철역)
9호선 동작(현충원)역,,37.502878,126.978153,비상대피시설(지하철역)
4호선 창동역,,37.653166,127.047731,비상대피시설(지하철역)
9호선 흑석(중앙대입구)역,,37.50877,126.963708,비상대피시설(지하철역)
9호선 노들역,,37.512887,126.953222,비상대피시설(지하철역)
9호선 노량진역,,37.513534,126.941005,비상대피시설(지하철역)
9호선 샛강역,,37.517274,126.928422,비상대피시설(지하철역)
9호선 여의도역,,37.52176,126.92403,비상대피시설(지하철역)
9호선 국회의사당역,,37.528105,126.917874,비상대피시설(지하철역)
9호선 당산역,,37.533406,126.902809,비상대피시설(지하철역)
9호선 선유도역,,37.53802,126.893525,비상대피시설(지하철역)
9호선 신목동역,,37.544277,126.88308,비상대피시설(지하철역)
9호선 염창역,,37.546936,126.874916,비상대피시설(지하철역)
4호선 노원역,,37.655128,127.061368,비상대피시설(지하철역)
9호선 등촌역,,37.550632,126.865689,비상대피시설(지하철역)
9호선 증미역,,37.557402,126.861939,비상대피시설(지하철역)
9호선 가양역,,37.561391,126.854456,비상대피시설(지하철역)
9호선 양천향교역,,37.568381,126.841333,비상대피시설(지하철역)
9호선 마곡나루역,,37.566778,126.82731,비상대피시설(지하철역)
9호선 신방화역,,37.567532,126.816601,비상대피시설(지하철역)
9호선 공항시장역,,37.563726,126.810678,비상대피시설(지하철역)
9호선 김포공항역,,37.561916,126.802152,비상대피시설(지하철역)
9호선 개화역,,37.578608,126.798153,비상대피시설(지하철역)
4호선 상계역,,37.660878,127.073572,비상대피시설(지하철역)
4호선 당고개역,,37.670272,127.079066,비상대피시설(지하철역)
진접선 별내별가람역,,37.66778,127.11581,비상대피시설(지하철역)
진접선 오남역,,37.705,127.19281,비상대피시설(지하철역)
진접선 진접역,,37.7205,127.2034,비상대피시설(지하철역)
7호선 석남(거북시장)역,,37.5062285,126.6762813,비상대피시설(지하철역)
7호선 산곡역,,37.5086,126.7035277,비상대피시설(지하철역)
7호선(인천) 부평구청역,,37.50848,126.72077,비상대피시설(지하철역)
7호선(인천) 굴포천역,,37.50681,126.73234,비상대피시설(지하철역)
7호선(인천) 삼산체육관역,,37.50724,126.74179,비상대피시설(지하철역)
7호선(인천) 상동역,,37.505814,126.753163,비상대피시설(지하철역)
7호선(인천) 부천시청역,,37.50444,126.76364,비상대피시설(지하철역)
7호선(인천) 신중동역,,37.50282,126.77566,비상대피시설(지하철역)
7호선(인천) 춘의역,,37.50365,126.78828,비상대피시설(지하철역)
7호선(인천) 부천종합운동장역,,37.50502,126.79661,비상대피시설(지하철역)
7호선(인천) 까치울역,,37.50613,126.81093,비상대피시설(지하철역)
3호선 오금역,,37.502162,127.128111,비상대피시설(지하철역)
3호선 경찰병원역,,37.495918,127.12454,비상대피시설(지하철역)
3호선 가락시장역,,37.492522,127.118234,비상대피시설(지하철역)
3호선 수서역,,37.487371,127.10188,비상대피시설(지하철역)
3호선 일원역,,37.483681,127.08439,비상대피시설(지하철역)
3호선 대청역,,37.493514,127.079532,비상대피시설(지하철역)
3호선 학여울역,,37.496663,127.070594,비상대피시설(지하철역)
3호선 대치역,,37.494612,127.063642,비상대피시설(지하철역)
3호선 도곡역,,37.490858,127.055381,비상대피시설(지하철역)
3호선 매봉역,,37.486947,127.046769,비상대피시설(지하철역)
3호선 양재(서초구청)역,,37.484147,127.034631,비상대피시설(지하철역)
3호선 남부터미널(예술의전당)역,,37.485013,127.016189,비상대피시설(지하철역)
3호선 교대(법원.검찰청)역,,37.493415,127.01408,비상대피시설(지하철역)
3호선 고속터미널역,,37.50481,127.004943,비상대피시설(지하철역)
3호선 잠원역,,37.512759,127.01122,비상대피시설(지하철역)
3호선 신사역,,37.516334,127.020114,비상대피시설(지하철역)
3호선 압구정역,,37.527072,127.028461,비상대피시설(지하철역)
3호선 옥수역,,37.540685,127.017965,비상대피시설(지하철역)
3호선 금호역,,37.548034,127.015872,비상대피시설(지하철역)
3호선 약수역,,37.55434,127.010655,비상대피시설(지하철역)
인천2호선 운연(서창)역,,37.440127,126.75997,비상대피시설(지하철역)
인천2호선 인천대공원역,,37.448769,126.752618,비상대피시설(지하철역)
인천2호선 남동구청역,,37.448161,126.736939,비상대피시설(지하철역)
인천2호선 만수역,,37.454911,126.732094,비상대피시설(지하철역)
인천2호선 모래내시장역,,37.45583,126.719298,비상대피시설(지하철역)
인천2호선 석천사거리역,,37.456805,126.709986,비상대피시설(지하철역)
인천2호선 인천시청역,,37.456833,126.701306,비상대피시설(지하철역)
인천2호선 석바위시장역,,37.457611,126.692575,비상대피시설(지하철역)
3호선 동대입구역,,37.559052,127.005602,비상대피시설(지하철역)
인천2호선 시민공원(문화창작지대)역,,37.458335,126.681192,비상대피시설(지하철역)
인천2호선 주안역,,37.464992,126.679098,비상대피시설(지하철역)
인천2호선 주안국가산단역,,37.473703,126.68113,비상대피시설(지하철역)
인천2호선 가재울역,,37.484192,126.683673,비상대피시설(지하철역)
인천2호선 인천가좌역,,37.4897,126.675208,비상대피시설(지하철역)
인천2호선 서부여성회관역,,37.500168,126.675795,비상대피시설(지하철역)
인천2호선 석남(거북시장)역,,37.506193,126.676203,비상대피시설(지하철역)
인천2호선 가정중앙시장역,,37.517054,126.676672,비상대피시설(지하철역)
인천2호선 가정(루원시티)역,,37.524649,126.675539,비상대피시설(지하철역)
인천2호선 서구청역,,37.543742,126.676787,비상대피시설(지하철역)
3호선 충무로역,,37.561243,126.99428,비상대피시설(지하철역)
인천2호선 아시아드경기장(공촌사거리)역,,37.5517,126.677122,비상대피시설(지하철역)
인천2호선 검바위역,,37.561405,126.677566,비상대피시설(지하철역)
인천2호선 검암역,,37.56866,126.675687,비상대피시설(지하철역)
인천2호선 독정역,,37.585212,126.675844,비상대피시설(지하철역)
인천2호선 완정역,,37.592928,126.673203,비상대피시설(지하철역)
인천2호선 마전역,,37.597566,126.666998,비상대피시설(지하철역)
인천2호선 검단사거리역,,37.60185,126.657108,비상대피시설(지하철역)
인천2호선 왕길역,,37.59518,126.642696,비상대피시설(지하철역)
인천2호선 검단오류(검단산업단지)역,,37.594877,126.627178,비상대피시설(지하철역)
3호선 을지로3가역,,37.566295,126.99191,비상대피시설(지하철역)
3호선 종로3가역,,37.571607,126.991806,비상대피시설(지하철역)
3호선 안국역,,37.576477,126.985443,비상대피시설(지하철역)
3호선 경복궁(정부서울청사)역,,37.575762,126.97353,비상대피시설(지하철역)
3호선 독립문역,,37.574571,126.957748,비상대피시설(지하철역)
3호선 무악재역,,37.582299,126.950291,비상대피시설(지하철역)
3호선 홍제역,,37.589066,126.943736,비상대피시설(지하철역)
인천1호선 송도달빛축제공원역,,37.407143,126.62597,비상대피시설(지하철역)
인천1호선 국제업무지구역,,37.399907,126.630347,비상대피시설(지하철역)
인천1호선 센트럴파크역,,37.393054,126.634729,비상대피시설(지하철역)
인천1호선 인천대입구역,,37.386007,126.639484,비상대피시설(지하철역)
인천1호선 지식정보단지역,,37.378384,126.645168,비상대피시설(지하철역)
인천1호선 테크노파크역,,37.382268,126.656365,비상대피시설(지하철역)
인천1호선 캠퍼스타운역,,37.387855,126.661673,비상대피시설(지하철역)
인천1호선 동막역,,37.397878,126.674005,비상대피시설(지하철역)
인천1호선 동춘역,,37.404737,126.681015,비상대피시설(지하철역)
인천1호선 원인재역,,37.412333,126.687869,비상대피시설(지하철역)
3호선 녹번역,,37.600927,126.935756,비상대피시설(지하철역)
인천1호선 신연수역,,37.41804,126.693863,비상대피시설(지하철역)
인천1호선 선학역,,37.426684,126.698863,비상대피시설(지하철역)
인천1호선 문학경기장역,,37.434935,126.698579,비상대피시설(지하철역)
인천1호선 인천터미널역,,37.442383,126.699706,비상대피시설(지하철역)
인천1호선 예술회관역,,37.449396,126.701012,비상대피시설(지하철역)
인천1호선 인천시청역,,37.457263,126.702143,비상대피시설(지하철역)
인천1호선 간석오거리역,,37.467048,126.707938,비상대피시설(지하철역)
인천1호선 부평삼거리역,,37.477679,126.710208,비상대피시설(지하철역)
인천1호선 동수역,,37.485312,126.718247,비상대피시설(지하철역)
인천1호선 부평역,,37.490535,126.723453,비상대피시설(지하철역)
3호선 불광역,,37.610469,126.929887,비상대피시설(지하철역)
인천1호선 부평시장역,,37.498383,126.722244,비상대피시설(지하철역)
인천1호선 부평구청역,,37.508407,126.720555,비상대피시설(지하철역)
인천1호선 갈산역,,37.517268,126.721514,비상대피시설(지하철역)
인천1호선 작전역,,37.530415,126.722527,비상대피시설(지하철역)
인천1호선 경인교대입구역,,37.538157,126.722597,비상대피시설(지하철역)
인천1호선 계산역,,37.543238,126.728128,비상대피시설(지하철역)
인천1호선 임학역,,37.545059,126.738665,비상대피시설(지하철역)
인천1호선 박촌역,,37.553703,126.745077,비상대피시설(지하철역)
인천1호선 귤현역,,37.566379,126.742654,비상대피시설(지하철역)
인천1호선 계양역,,37.571449,126.73578,비상대피시설(지하철역)
3호선 연신내역,,37.619001,126.921008,비상대피시설(지하철역)
3호선 구파발역,,37.636763,126.918821,비상대피시설(지하철역)
3호선 지축역,,37.648048,126.913951,비상대피시설(지하철역)
8호선 남위례역,,37.4624,127.13977,비상대피시설(지하철역)
8호선 모란역,,37.433824,127.129837,비상대피시설(지하철역)
8호선 수진역,,37.437428,127.140722,비상대피시설(지하철역)
8호선 신흥역,,37.440918,127.147564,비상대피시설(지하철역)
8호선 단대오거리역,,37.44521,127.156866,비상대피시설(지하철역)
8호선 남한산성입구(성남법원.검찰청)역,,37.451535,127.159816,비상대피시설(지하철역)
8호선 산성역,,37.457122,127.149908,비상대피시설(지하철역)
8호선 복정역,,37.471052,127.126732,비상대피시설(지하철역)
8호선 장지역,,37.478703,127.126191,비상대피시설(지하철역)
8호선 문정역,,37.485855,127.1225,비상대피시설(지하철역)
8호선 가락시장역,,37.492888,127.118398,비상대피시설(지하철역)
8호선 송파역,,37.499703,127.112183,비상대피시설(지하철역)
8호선 석촌역,,37.505557,127.106832,비상대피시설(지하철역)
8호선 잠실(송파구청)역,,37.514692,127.104338,비상대피시설(지하철역)
8호선 몽촌토성(평화의문)역,,37.517409,127.112359,비상대피시설(지하철역)
8호선 강동구청역,,37.530341,127.120508,비상대피시설(지하철역)
8호선 천호(풍납토성)역,,37.538113,127.123254,비상대피시설(지하철역)
8호선 암사역,,37.55021,127.127562,비상대피시설(지하철역)
8호선 암사역사공원역,,37.55695,127.13702,비상대피시설(지하철역)
별내선 장자호수공원역,,37.58738,127.13794,비상대피시설(지하철역)
별내선 구리역,,37.60262,127.1407,비상대피시설(지하철역)
별내선 동구릉역,,37.61105,127.13793,비상대피시설(지하철역)
별내선 다산역,,37.62429,127.14973,비상대피시설(지하철역)
별내선 별내역,,37.64232,127.1276,비상대피시설(지하철역)
7호선 부평구청역,,37.507394,126.721599,비상대피시설(지하철역)
7호선 굴포천역,,37.506997,126.73128,비상대피시설(지하철역)
7호선 삼산체육관역,,37.506411,126.742153,비상대피시설(지하철역)
7호선 상동역,,37.505781,126.753083,비상대피시설(지하철역)
7호선 부천시청역,,37.504631,126.763538,비상대피시설(지하철역)
7호선 신중동역,,37.503048,126.77596,비상대피시설(지하철역)
7호선 춘의역,,37.503663,126.787036,비상대피시설(지하철역)
7호선 부천종합운동장역,,37.50538,126.797337,비상대피시설(지하철역)
7호선 까치울역,,37.506207,126.810939,비상대피시설(지하철역)
7호선 온수(성공회대입구)역,,37.492092,126.823023,비상대피시설(지하철역)
7호선 천왕역,,37.486637,126.838713,비상대피시설(지하철역)
7호선 광명사거리역,,37.479252,126.854876,비상대피시설(지하철역)
7호선 철산역,,37.47605,126.867911,비상대피시설(지하철역)
7호선 가산디지털단지역,,37.480338,126.882656,비상대피시설(지하철역)
7호선 남구로역,,37.486056,126.887249,비상대피시설(지하철역)
7호선 대림(구로구청)역,,37.493013,126.897075,비상대피시설(지하철역)
7호선 신풍역,,37.50008,126.90993,비상대피시설(지하철역)
7호선 보라매역,,37.499872,126.920428,비상대피시설(지하철역)
7호선 신대방삼거리역,,37.499701,126.928276,비상대피시설(지하철역)
7호선 장승배기역,,37.504898,126.93915,비상대피시설(지하철역)
7호선 상도역,,37.502834,126.94791,비상대피시설(지하철역)
7호선 숭실대입구(살피재)역,,37.496029,126.953822,비상대피시설(지하철역)
7호선 남성역,,37.484596,126.971251,비상대피시설(지하철역)
7호선 이수역,,37.485196,126.981605,비상대피시설(지하철역)
7호선 내방역,,37.487618,126.993513,비상대피시설(지하철역)
7호선 고속터미널역,,37.503367,127.005068,비상대피시설(지하철역)
7호선 반포역,,37.508178,127.011727,비상대피시설(지하철역)
7호선 논현역,,37.511093,127.021415,비상대피시설(지하철역)
7호선 학동역,,37.514229,127.031656,비상대피시설(지하철역)
7호선 강남구청역,,37.517179,127.041255,비상대피시설(지하철역)
7호선 청담역,,37.519365,127.05335,비상대피시설(지하철역)
7호선 뚝섬유원지역,,37.53154,127.066704,비상대피시설(지하철역)
7호선 건대입구역,,37.540786,127.071011,비상대피시설(지하철역)
7호선 어린이대공원(세종대)역,,37.548014,127.074658,비상대피시설(지하철역)
7호선 군자(능동)역,,37.556897,127.079338,비상대피시설(지하철역)
7호선 중곡역,,37.565923,127.08432,비상대피시설(지하철역)
7호선 용마산역,,37.573647,127.086727,비상대피시설(지하철역)
7호선 사가정역,,37.580894,127.088478,비상대피시설(지하철역)
7호선 면목역,,37.588579,127.087503,비상대피시설(지하철역)
7호선 상봉(시외버스터미널)역,,37.595577,127.085716,비상대피시설(지하철역)
7호선 중화역,,37.602545,127.079264,비상대피시설(지하철역)
7호선 먹골역,,37.610637,127.077725,비상대피시설(지하철역)
7호선 태릉입구역,,37.618294,127.075397,비상대피시설(지하철역)
7호선 공릉(서울과학기술대)역,,37.625742,127.072896,비상대피시설(지하철역)
7호선 하계역,,37.636352,127.06799,비상대피시설(지하철역)
7호선 중계역,,37.644583,127.064303,비상대피시설(지하철역)
7호선 노원역,,37.654836,127.060462,비상대피시설(지하철역)
7호선 마들역,,37.66494,127.057675,비상대피시설(지하철역)
7호선 수락산역,,37.67785,127.055315,비상대피시설(지하철역)
7호선 도봉산역,,37.689241,127.046509,비상대피시설(지하철역)
7호선 장암역,,37.700109,127.053196,비상대피시설(지하철역)
6호선 신내역,,37.613174,127.102231,비상대피시설(지하철역)
6호선 봉화산(서울의료원)역,,37.617283,127.091401,비상대피시설(지하철역)
6호선 화랑대(서울여대입구)역,,37.620064,127.084689,비상대피시설(지하철역)
6호선 태릉입구역,,37.617338,127.074735,비상대피시설(지하철역)
6호선 석계역,,37.614872,127.065595,비상대피시설(지하철역)
6호선 돌곶이역,,37.610537,127.056431,비상대피시설(지하철역)
6호선 상월곡(한국과학기술연구원)역,,37.606377,127.048491,비상대피시설(지하철역)
6호선 월곡(동덕여대)역,,37.601948,127.041518,비상대피시설(지하철역)
6호선 고려대(종암)역,,37.590508,127.036296,비상대피시설(지하철역)
6호선 안암(고대병원앞)역,,37.586272,127.029005,비상대피시설(지하철역)
6호선 보문역,,37.585274,127.019351,비상대피시설(지하철역)
6호선 창신역,,37.579661,127.015241,비상대피시설(지하철역)
6호선 동묘앞역,,37.572279,127.015653,비상대피시설(지하철역)
6호선 신당역,,37.566154,127.016146,비상대피시설(지하철역)
6호선 청구역,,37.560608,127.013986,비상대피시설(지하철역)
6호선 약수역,,37.554263,127.010358,비상대피시설(지하철역)
6호선 버티고개역,,37.548013,127.007055,비상대피시설(지하철역)
6호선 한강진역,,37.539631,127.001725,비상대피시설(지하철역)
6호선 이태원역,,37.534488,126.994302,비상대피시설(지하철역)
6호선 녹사평(용산구청)역,,37.534675,126.986695,비상대피시설(지하철역)
6호선 삼각지역,,37.535534,126.974032,비상대피시설(지하철역)
6호선 효창공원앞역,,37.539233,126.961384,비상대피시설(지하철역)
6호선 공덕역,,37.543555,126.951678,비상대피시설(지하철역)
6호선 대흥(서강대앞)역,,37.547771,126.942069,비상대피시설(지하철역)
6호선 광흥창(서강)역,,37.547456,126.931993,비상대피시설(지하철역)
6호선 상수역,,37.547716,126.922852,비상대피시설(지하철역)
6호선 합정역,,37.549209,126.913366,비상대피시설(지하철역)
6호선 망원역,,37.556094,126.910052,비상대피시설(지하철역)
6호선 마포구청역,,37.563515,126.903343,비상대피시설(지하철역)
6호선 월드컵경기장(성산)역,,37.569532,126.899298,비상대피시설(지하철역)
6호선 디지털미디어시티역,,37.576108,126.901391,비상대피시설(지하철역)
6호선 증산(명지대앞)역,,37.583876,126.909645,비상대피시설(지하철역)
6호선 새절(신사)역,,37.591148,126.913629,비상대피시설(지하철역)
6호선 구산역,,37.611377,126.91727,비상대피시설(지하철역)
6호선 연신내역,,37.618636,126.920625,비상대피시설(지하철역)
6호선 독바위역,,37.618456,126.933031,비상대피시설(지하철역)
6호선 불광역,,37.610873,126.92939,비상대피시설(지하철역)
6호선 역촌역,,37.606021,126.922744,비상대피시설(지하철역)
6호선 응암역,,37.598605,126.915577,비상대피시설(지하철역)
5호선 하남검단산역,,37.53972,127.22345,비상대피시설(지하철역)
5호선 하남시청(덕풍-신장)역,,37.54205,127.20612,비상대피시설(지하철역)
5호선 하남풍산역,,37.552034,127.203864,비상대피시설(지하철역)
5호선 미사역,,37.560927,127.193877,비상대피시설(지하철역)
5호선 강일역,,37.55749,127.17593,비상대피시설(지하철역)
5호선 마천역,,37.49499,127.152781,비상대피시설(지하철역)
5호선 거여역,,37.493105,127.14415,비상대피시설(지하철역)
5호선 개롱역,,37.498079,127.13482,비상대피시설(지하철역)
5호선 오금역,,37.502057,127.127938,비상대피시설(지하철역)
5호선 방이역,,37.508857,127.126133,비상대피시설(지하철역)
5호선 올림픽공원(한국체대)역,,37.516201,127.130923,비상대피시설(지하철역)
5호선 둔촌동역,,37.527788,127.136248,비상대피시설(지하철역)
5호선 상일동역,,37.556712,127.166417,비상대피시설(지하철역)
5호선 고덕역,,37.555004,127.154151,비상대피시설(지하철역)
5호선 명일역,,37.55137,127.143999,비상대피시설(지하철역)
5호선 굽은다리(강동구민회관앞)역,,37.545477,127.142853,비상대피시설(지하철역)
5호선 길동역,,37.537801,127.140004,비상대피시설(지하철역)
5호선 강동역,,37.535804,127.132481,비상대피시설(지하철역)
5호선 천호(풍납토성)역,,37.53864,127.123308,비상대피시설(지하철역)
5호선 광나루(장신대)역,,37.545303,127.10357,비상대피시설(지하철역)
5호선 아차산(어린이대공원후문)역,,37.551691,127.089761,비상대피시설(지하철역)
5호선 군자(능동)역,,37.557088,127.079577,비상대피시설(지하철역)
5호선 장한평역,,37.56144,127.064623,비상대피시설(지하철역)
5호선 답십리역,,37.566747,127.052704,비상대피시설(지하철역)
5호선 마장역,,37.5661,127.042973,비상대피시설(지하철역)
5호선 왕십리(성동구청)역,,37.56184,127.037059,비상대피시설(지하철역)
5호선 행당역,,37.557322,127.029476,비상대피시설(지하철역)
5호선 신금호역,,37.554548,127.020331,비상대피시설(지하철역)
5호선 청구역,,37.560276,127.013639,비상대피시설(지하철역)
5호선 동대문역사문화공원역,,37.564665,127.005353,비상대피시설(지하철역)
5호선 을지로4가역,,37.567352,126.998032,비상대피시설(지하철역)
5호선 종로3가역,,37.57254,126.990305,비상대피시설(지하철역)
5호선 광화문(세종문화회관)역,,37.571525,126.97717,비상대피시설(지하철역)
5호선 서대문역,,37.565773,126.966641,비상대피시설(지하철역)
5호선 충정로(경기대입구)역,,37.560236,126.9629,비상대피시설(지하철역)
5호선 애오개역,,37.553736,126.95682,비상대피시설(지하철역)
5호선 공덕역,,37.544431,126.951372,비상대피시설(지하철역)
5호선 마포역,,37.539574,126.945932,비상대피시설(지하철역)
5호선 여의나루역,,37.527098,126.932901,비상대피시설(지하철역)
5호선 여의도역,,37.521747,126.924357,비상대피시설(지하철역)
5호선 신길역,,37.517623,126.914839,비상대피시설(지하철역)
5호선 영등포시장역,,37.522669,126.905139,비상대피시설(지하철역)
5호선 영등포구청역,,37.5242,126.89503,비상대피시설(지하철역)
5호선 양평역,,37.525569,126.886129,비상대피시설(지하철역)
5호선 오목교(목동운동장앞)역,,37.524496,126.875181,비상대피시설(지하철역)
5호선 목동역,,37.526065,126.864931,비상대피시설(지하철역)
5호선 신정(은행정)역,,37.524997,126.856191,비상대피시설(지하철역)
5호선 까치산역,,37.531768,126.846683,비상대피시설(지하철역)
5호선 화곡역,,37.541513,126.840461,비상대피시설(지하철역)
5호선 우장산역,,37.548768,126.836318,비상대피시설(지하철역)
5호선 발산역,,37.558598,126.837668,비상대피시설(지하철역)
5호선 마곡역,,37.560183,126.825448,비상대피시설(지하철역)
5호선 송정역,,37.561184,126.811973,비상대피시설(지하철역)
5호선 김포공항역,,37.562384,126.801292,비상대피시설(지하철역)
5호선 개화산역,,37.572399,126.806171,비상대피시설(지하철역)
5호선 방화역,,37.577446,126.812741,비상대피시설(지하철역)
2호선 용두(동대문구청)역,,37.574028,127.038091,비상대피시설(지하철역)
2호선 신정네거리역,,37.520074,126.852912,비상대피시설(지하철역)
2호선 양천구청역,,37.512398,126.865819,비상대피시설(지하철역)
2호선 도림천역,,37.514287,126.882768,비상대피시설(지하철역)
2호선 신설동역,,37.575297,127.025087,비상대피시설(지하철역)
2호선 신답역,,37.57004,127.046481,비상대피시설(지하철역)
2호선 용답역,,37.561904,127.050899,비상대피시설(지하철역)
2호선 충정로(경기대입구)역,,37.559973,126.963672,비상대피시설(지하철역)
2호선 아현역,,37.557345,126.956141,비상대피시설(지하철역)
2호선 이대역,,37.556733,126.946013,비상대피시설(지하철역)
2호선 신촌역,,37.555134,126.936893,비상대피시설(지하철역)
2호선 홍대입구역,,37.557192,126.925381,비상대피시설(지하철역)
2호선 합정역,,37.549463,126.913739,비상대피시설(지하철역)
2호선 당산역,,37.53438,126.902281,비상대피시설(지하철역)
2호선 영등포구청역,,37.52497,126.895951,비상대피시설(지하철역)
2호선 문래역,,37.517933,126.89476,비상대피시설(지하철역)
2호선 신도림역,,37.508725,126.891295,비상대피시설(지하철역)
2호선 대림(구로구청)역,,37.49297,126.895801,비상대피시설(지하철역)
2호선 구로디지털단지역,,37.485266,126.901401,비상대피시설(지하철역)
2호선 신대방역,,37.487462,126.913149,비상대피시설(지하철역)
2호선 신림역,,37.484201,126.929715,비상대피시설(지하철역)
2호선 봉천역,,37.482362,126.941892,비상대피시설(지하철역)
2호선 서울대입구(관악구청)역,,37.481247,126.952739,비상대피시설(지하철역)
2호선 낙성대역,,37.47693,126.963693,비상대피시설(지하철역)
2호선 사당역,,37.47653,126.981685,비상대피시설(지하철역)
2호선 방배역,,37.481426,126.997596,비상대피시설(지하철역)
2호선 서초역,,37.491897,127.007917,비상대피시설(지하철역)
2호선 교대(법원.검찰청)역,,37.493415,127.01408,비상대피시설(지하철역)
2호선 강남역,,37.497175,127.027926,비상대피시설(지하철역)
2호선 역삼역,,37.500622,127.036456,비상대피시설(지하철역)
2호선 선릉역,,37.504503,127.049008,비상대피시설(지하철역)
2호선 삼성(무역센터)역,,37.508844,127.06316,비상대피시설(지하철역)
2호선 종합운동장역,,37.510997,127.073642,비상대피시설(지하철역)
2호선 잠실새내역,,37.511687,127.086162,비상대피시설(지하철역)
2호선 잠실(송파구청)역,,37.51395,127.102234,비상대피시설(지하철역)
2호선 잠실나루역,,37.520733,127.10379,비상대피시설(지하철역)
2호선 강변(동서울터미널)역,,37.535095,127.094681,비상대피시설(지하철역)
2호선 구의(광진구청)역,,37.537077,127.085916,비상대피시설(지하철역)
2호선 건대입구역,,37.540693,127.07023,비상대피시설(지하철역)
2호선 성수역,,37.544581,127.055961,비상대피시설(지하철역)
2호선 뚝섬역,,37.547184,127.047367,비상대피시설(지하철역)
2호선 한양대역,,37.555273,127.043655,비상대피시설(지하철역)
2호선 왕십리(성동구청)역,,37.561533,127.037732,비상대피시설(지하철역)
2호선 상왕십리역,,37.564354,127.029354,비상대피시설(지하철역)
2호선 신당역,,37.565972,127.01782,비상대피시설(지하철역)
2호선 동대문역사문화공원역,,37.565138,127.007896,비상대피시설(지하철역)
2호선 을지로4가역,,37.566941,126.998079,비상대피시설(지하철역)
2호선 을지로3가역,,37.566295,126.99191,비상대피시설(지하철역)
2호선 을지로입구역,,37.566014,126.982618,비상대피시설(지하철역)
2호선 시청역,,37.564718,126.977108,비상대피시설(지하철역)
서해선 부천종합운동장역,,37.505457,126.797289,비상대피시설(지하철역)
서해선 원종역,,37.5239,126.8049,비상대피시설(지하철역)
서해선 김포공항역,,37.5617,126.8041,비상대피시설(지하철역)
일산선 대화역,,37.676087,126.747569,비상대피시설(지하철역)
일산선 주엽역,,37.670072,126.761334,비상대피시설(지하철역)
일산선 정발산역,,37.659477,126.773359,비상대피시설(지하철역)
일산선 마두역,,37.652206,126.77762,비상대피시설(지하철역)
일산선 백석역,,37.643114,126.78787,비상대피시설(지하철역)
일산선 대곡역,,37.631626,126.811024,비상대피시설(지하철역)
일산선 화정역,,37.634592,126.83265,비상대피시설(지하철역)
일산선 원당역,,37.653324,126.843041,비상대피시설(지하철역)
일산선 삼송역,,37.653083,126.895558,비상대피시설(지하철역)
일산선 지축역,,37.648017,126.91397,비상대피시설(지하철역)
일산선 원흥역,,37.650658,126.872642,비상대피시설(지하철역)
경원선 연천역,,38.10073,127.07372,비상대피시설(지하철역)
경원선 전곡역,,38.02458,127.0718,비상대피시설(지하철역)
경원선 청산역,,37.98172,127.06912,비상대피시설(지하철역)
경원선 소요산역,,37.9481,127.061034,비상대피시설(지하철역)
경원선 동두천역,,37.927878,127.05479,비상대피시설(지하철역)
경원선 보산역,,37.913702,127.057277,비상대피시설(지하철역)
경원선 동두천중앙역,,37.901885,127.056482,비상대피시설(지하철역)
경원선 지행역,,37.892334,127.055716,비상대피시설(지하철역)
경원선 덕정역,,37.843188,127.061277,비상대피시설(지하철역)
경원선 덕계역,,37.818486,127.056486,비상대피시설(지하철역)
경원선 양주역,,37.774381,127.044708,비상대피시설(지하철역)
경원선 녹양역,,37.75938,127.042292,비상대피시설(지하철역)
경원선 가능역,,37.748577,127.044213,비상대피시설(지하철역)
경원선 의정부역,,37.738415,127.045958,비상대피시설(지하철역)
경원선 회룡역,,37.724416,127.04736,비상대피시설(지하철역)
경원선 망월사역,,37.709914,127.047455,비상대피시설(지하철역)
경원선 도봉산역,,37.689534,127.046049,비상대피시설(지하철역)
경원선 도봉역,,37.679563,127.045595,비상대피시설(지하철역)
경원선 방학역,,37.667503,127.044273,비상대피시설(지하철역)
수인선 인천역,,37.476403,126.617326,비상대피시설(지하철역)
수인선 신포역,,37.46874,126.623853,비상대피시설(지하철역)
수인선 숭의역,,37.460789,126.638297,비상대피시설(지하철역)
수인선 인하대역,,37.448493,126.649619,비상대피시설(지하철역)
수인선 송도역,,37.428514,126.657772,비상대피시설(지하철역)
수인선 연수역,,37.417804,126.67894,비상대피시설(지하철역)
수인선 원인재역,,37.413049,126.686648,비상대피시설(지하철역)
수인선 남동인더스파크역,,37.407722,126.695216,비상대피시설(지하철역)
수인선 호구포역,,37.401637,126.708627,비상대피시설(지하철역)
수인선 인천논현역,,37.400614,126.722478,비상대피시설(지하철역)
수인선 소래포구역,,37.40095,126.733522,비상대피시설(지하철역)
수인선 월곶역,,37.391769,126.742699,비상대피시설(지하철역)
수인선 달월역,,37.379681,126.745177,비상대피시설(지하철역)
수인선 사리역,,37.28998,126.85685,비상대피시설(지하철역)
수인선 야목역,,37.264179,126.879483,비상대피시설(지하철역)
수인선 어천역,,37.250102,126.90879,비상대피시설(지하철역)
수인선 오목천역,,37.24304,126.963676,비상대피시설(지하철역)
수인선 고색역,,37.24963,126.980248,비상대피시설(지하철역)
분당선 매교역,,37.265481,127.015678,비상대피시설(지하철역)
분당선 수원시청역,,37.261911,127.030736,비상대피시설(지하철역)
분당선 매탄권선역,,37.252759,127.040566,비상대피시설(지하철역)
분당선 망포역,,37.245795,127.057353,비상대피시설(지하철역)
분당선 영통역,,37.251568,127.071394,비상대피시설(지하철역)
분당선 청명역,,37.259489,127.078934,비상대피시설(지하철역)
분당선 상갈역,,37.26181,127.108847,비상대피시설(지하철역)
분당선 기흥역,,37.275061,127.11591,비상대피시설(지하철역)
분당선 신갈역,,37.286102,127.111313,비상대피시설(지하철역)
분당선 구성역,,37.298969,127.105664,비상대피시설(지하철역)
분당선 죽전역,,37.324753,127.107395,비상대피시설(지하철역)
분당선 보정역,,37.312752,127.108196,비상대피시설(지하철역)
분당선 이매역,,37.395371,127.128248,비상대피시설(지하철역)
분당선 오리역,,37.339824,127.108942,비상대피시설(지하철역)
분당선 미금역,,37.350077,127.10891,비상대피시설(지하철역)
분당선 정자역,,37.365994,127.10807,비상대피시설(지하철역)
분당선 수내역,,37.378455,127.114322,비상대피시설(지하철역)
분당선 서현역,,37.385126,127.123592,비상대피시설(지하철역)
분당선 야탑역,,37.411185,127.128715,비상대피시설(지하철역)
분당선 모란역,,37.432052,127.129104,비상대피시설(지하철역)
분당선 태평역,,37.440019,127.127709,비상대피시설(지하철역)
분당선 가천대역,,37.448605,127.126697,비상대피시설(지하철역)
분당선 선정릉역,,37.510735,127.043677,비상대피시설(지하철역)
분당선 강남구청역,,37.517469,127.041151,비상대피시설(지하철역)
분당선 압구정로데오역,,37.527381,127.040534,비상대피시설(지하철역)
분당선 서울숲역,,37.543617,127.044707,비상대피시설(지하철역)
분당선 수원역,,37.265917,126.999422,비상대피시설(지하철역)
경인선 도화역,,37.46607,126.668672,비상대피시설(지하철역)
경인선 중동역,,37.486562,126.764843,비상대피시설(지하철역)
경인선 온수(성공회대입구)역,,37.492433,126.824086,비상대피시설(지하철역)
경인선 도원역,,37.468446,126.642706,비상대피시설(지하철역)
경인선 간석역,,37.464737,126.694181,비상대피시설(지하철역)
경인선 부개역,,37.488418,126.74109,비상대피시설(지하철역)
경인선 소사역,,37.482753,126.79544,비상대피시설(지하철역)
경인선 구일역,,37.496756,126.870793,비상대피시설(지하철역)
경인선 인천역,,37.476079,126.616801,비상대피시설(지하철역)
경인선 동인천역,,37.475276,126.632802,비상대피시설(지하철역)
경인선 제물포역,,37.466769,126.656666,비상대피시설(지하철역)
경인선 주안역,,37.465047,126.679742,비상대피시설(지하철역)
경인선 동암역,,37.471408,126.702896,비상대피시설(지하철역)
경인선 백운역,,37.483664,126.707704,비상대피시설(지하철역)
경인선 부평역,,37.489445,126.724506,비상대피시설(지하철역)
경인선 송내역,,37.4876,126.753664,비상대피시설(지하철역)
경인선 부천역,,37.48405,126.782686,비상대피시설(지하철역)
경인선 역곡역,,37.485178,126.811502,비상대피시설(지하철역)
경인선 오류동역,,37.494526,126.845365,비상대피시설(지하철역)
경인선 개봉역,,37.494594,126.85968,비상대피시설(지하철역)
안산선 수리산역,,37.349801,126.925365,비상대피시설(지하철역)
안산선 오이도역,,37.362357,126.738714,비상대피시설(지하철역)
안산선 정왕역,,37.351735,126.742989,비상대피시설(지하철역)
안산선 신길온천역,,37.338212,126.765844,비상대피시설(지하철역)
안산선 안산역,,37.327082,126.788532,비상대피시설(지하철역)
안산선 초지역,,37.320646,126.805913,비상대피시설(지하철역)
안산선 고잔역,,37.316784,126.823144,비상대피시설(지하철역)
안산선 중앙역,,37.315941,126.838573,비상대피시설(지하철역)
안산선 한대앞역,,37.309689,126.85344,비상대피시설(지하철역)
안산선 상록수역,,37.302795,126.866489,비상대피시설(지하철역)
안산선 반월역,,37.312212,126.903524,비상대피시설(지하철역)
안산선 대야미역,,37.328467,126.917332,비상대피시설(지하철역)
안산선 산본역,,37.358101,126.933274,비상대피시설(지하철역)
경부선 광명역,,37.416182,126.884466,비상대피시설(지하철역)
경부선 서동탄역,,37.195504,127.051672,비상대피시설(지하철역)
경부선 당정역,,37.344285,126.948345,비상대피시설(지하철역)
경부선 천안역,,36.810005,127.146826,비상대피시설(지하철역)
경부선 두정역,,36.833705,127.14896,비상대피시설(지하철역)
경부선 직산역,,36.870593,127.143904,비상대피시설(지하철역)
경부선 성환역,,36.916076,127.126964,비상대피시설(지하철역)
경부선 평택역,,36.990726,127.085159,비상대피시설(지하철역)
경부선 지제역,,37.0188,127.070444,비상대피시설(지하철역)
경부선 서정리역,,37.056496,127.052819,비상대피시설(지하철역)
경부선 송탄역,,37.075696,127.054301,비상대피시설(지하철역)
경부선 진위역,,37.109447,127.062278,비상대피시설(지하철역)
경부선 오산역,,37.145885,127.06672,비상대피시설(지하철역)
경부선 오산대역,,37.168953,127.063197,비상대피시설(지하철역)
경부선 세마역,,37.187533,127.04318,비상대피시설(지하철역)
경부선 병점역,,37.207503,127.032731,비상대피시설(지하철역)
경부선 세류역,,37.245025,127.013222,비상대피시설(지하철역)
경부선 독산역,,37.466613,126.889249,비상대피시설(지하철역)
경부선 수원역,,37.266348,126.999561,비상대피시설(지하철역)
경부선 화서역,,37.283862,126.989627,비상대피시설(지하철역)
경부선 성균관대역,,37.300349,126.97075,비상대피시설(지하철역)
경부선 의왕역,,37.320852,126.948217,비상대피시설(지하철역)
경부선 군포역,,37.35356,126.948462,비상대피시설(지하철역)
경부선 금정역,,37.372221,126.943429,비상대피시설(지하철역)
경부선 명학역,,37.384653,126.935433,비상대피시설(지하철역)
경부선 안양역,,37.401592,126.922874,비상대피시설(지하철역)
경부선 관악역,,37.419232,126.908706,비상대피시설(지하철역)
경부선 석수역,,37.435047,126.902295,비상대피시설(지하철역)
경부선 금천구청역,,37.455626,126.89398,비상대피시설(지하철역)
경부선 가산디지털단지역,,37.481581,126.882581,비상대피시설(지하철역)
경부선 구로역,,37.503039,126.881966,비상대피시설(지하철역)
1호선 동묘앞역,,37.572627,127.016429,비상대피시설(지하철역)
1호선 청량리(서울시립대입구)역,,37.580178,127.046835,비상대피시설(지하철역)
1호선 제기동역,,37.578103,127.034893,비상대피시설(지하철역)
1호선 신설동역,,37.575297,127.025087,비상대피시설(지하철역)
1호선 동대문역,,37.57142,127.009745,비상대피시설(지하철역)
1호선 종로5가역,,37.570926,127.001849,비상대피시설(지하철역)
1호선 종로3가역,,37.571607,126.991806,비상대피시설(지하철역)
1호선 종각역,,37.570161,126.982923,비상대피시설(지하철역)
경강선 성남역,,37.39468,127.11945,비상대피시설(지하철역)
경강선 여주역,,37.282308,127.628816,비상대피시설(지하철역)
경강선 세종대왕릉역,,37.295309,127.570938,비상대피시설(지하철역)
1호선 시청역,,37.564718,126.977108,비상대피시설(지하철역)
경강선 부발역,,37.260192,127.490277,비상대피시설(지하철역)
경강선 이천역,,37.265579,127.44226,비상대피시설(지하철역)
경강선 신둔도예촌역,,37.317185,127.40476,비상대피시설(지하철역)
경강선 곤지암역,,37.351315,127.34674,비상대피시설(지하철역)
경강선 초월역,,37.374419,127.299,비상대피시설(지하철역)
경강선 경기광주역,,37.399907,127.25263,비상대피시설(지하철역)
경강선 삼동역,,37.409522,127.20336,비상대피시설(지하철역)
경강선 이매역,,37.394655,127.127819,비상대피시설(지하철역)
경강선 판교역,,37.394761,127.111217,비상대피시설(지하철역)
1호선 서울역,,37.554648,126.972559,비상대피시설(지하철역)
과천선 금정역,,37.372209,126.943417,비상대피시설(지하철역)
과천선 범계역,,37.389793,126.950806,비상대피시설(지하철역)
과천선 평촌역,,37.394287,126.963883,비상대피시설(지하철역)
과천선 인덕원역,,37.401553,126.976715,비상대피시설(지하철역)
과천선 정부과천청사역,,37.426513,126.98978,비상대피시설(지하철역)
과천선 과천역,,37.433021,126.996568,비상대피시설(지하철역)
과천선 대공원역,,37.435675,127.006523,비상대피시설(지하철역)
과천선 경마공원역,,37.443885,127.007888,비상대피시설(지하철역)
과천선 선바위역,,37.451673,127.002303,비상대피시설(지하철역)
장항선 신창(순천향대)역,,36.769502,126.951108,비상대피시설(지하철역)
장항선 온양온천역,,36.780483,127.003249,비상대피시설(지하철역)
장항선 배방역,,36.777629,127.052991,비상대피시설(지하철역)
장항선 탕정역,,36.78866,127.08485,비상대피시설(지하철역)
장항선 아산역,,36.792053,127.104361,비상대피시설(지하철역)
장항선 쌍용(나사렛대)역,,36.793759,127.1214,비상대피시설(지하철역)
장항선 봉명역,,36.801215,127.135763,비상대피시설(지하철역)
경춘선 춘천역,,37.885054,127.717023,비상대피시설(지하철역)
경춘선 남춘천역,,37.864007,127.723792,비상대피시설(지하철역)
경춘선 김유정역,,37.818466,127.71434,비상대피시설(지하철역)
경춘선 강촌역,,37.805723,127.634146,비상대피시설(지하철역)
경춘선 백양리역,,37.830779,127.58933,비상대피시설(지하철역)
경춘선 굴봉산역,,37.832067,127.557695,비상대피시설(지하철역)
경춘선 가평역,,37.814536,127.510739,비상대피시설(지하철역)
경춘선 상천역,,37.770246,127.454821,비상대피시설(지하철역)
경춘선 청평역,,37.735488,127.42661,비상대피시설(지하철역)
경춘선 대성리역,,37.684071,127.379319,비상대피시설(지하철역)
경춘선 마석역,,37.652782,127.311767,비상대피시설(지하철역)
경춘선 천마산역,,37.658978,127.285379,비상대피시설(지하철역)
경춘선 평내호평역,,37.653225,127.244493,비상대피시설(지하철역)
경춘선 금곡역,,37.637382,127.207853,비상대피시설(지하철역)
경춘선 사릉역,,37.65108,127.176933,비상대피시설(지하철역)
경춘선 퇴계원역,,37.648311,127.143952,비상대피시설(지하철역)
경춘선 별내역,,37.64202,127.12684,비상대피시설(지하철역)
경춘선 갈매역,,37.634118,127.114757,비상대피시설(지하철역)
경춘선 신내역,,37.612887,127.103218,비상대피시설(지하철역)
경의중앙선 디지털미디어시티역,,37.577475,126.900453,비상대피시설(지하철역)
경의중앙선 홍대입구역,,37.557641,126.926683,비상대피시설(지하철역)
경의중앙선 공덕역,,37.542596,126.952099,비상대피시설(지하철역)
경의중앙선 서울역,,37.557231,126.97103,비상대피시설(지하철역)
경의중앙선 운천역,,37.879942,126.769999,비상대피시설(지하철역)
경의중앙선 임진강역,,37.888421,126.746765,비상대피시설(지하철역)
경의중앙선 문산역,,37.854619,126.788047,비상대피시설(지하철역)
경의중앙선 파주역,,37.815298,126.792783,비상대피시설(지하철역)
경의중앙선 월롱역,,37.796188,126.792587,비상대피시설(지하철역)
경의중앙선 금촌역,,37.766217,126.774644,비상대피시설(지하철역)
경의중앙선 금릉역,,37.751322,126.765347,비상대피시설(지하철역)
경의중앙선 운정역,,37.725826,126.767257,비상대피시설(지하철역)
경의중앙선 야당역,,37.712327,126.761356,비상대피시설(지하철역)
경의중앙선 탄현역,,37.694023,126.761086,비상대피시설(지하철역)
경의중앙선 일산역,,37.682077,126.769846,비상대피시설(지하철역)
경의중앙선 풍산역,,37.672346,126.786243,비상대피시설(지하철역)
경의중앙선 백마역,,37.658239,126.794461,비상대피시설(지하철역)
경의중앙선 곡산역,,37.645676,126.801762,비상대피시설(지하철역)
경의중앙선 능곡역,,37.618808,126.820783,비상대피시설(지하철역)
경의중앙선 행신역,,37.612102,126.834146,비상대피시설(지하철역)
경의중앙선 강매역,,37.612314,126.843223,비상대피시설(지하철역)
경의중앙선 화전역,,37.602888,126.868387,비상대피시설(지하철역)
경의중앙선 수색역,,37.580842,126.895611,비상대피시설(지하철역)
경의중앙선 가좌역,,37.568491,126.915487,비상대피시설(지하철역)
경의중앙선 서강대역,,37.551881,126.935711,비상대피시설(지하철역)
경의중앙선 효창공원앞역,,37.538579,126.96221,비상대피시설(지하철역)
경의중앙선 신촌역,,37.559733,126.942597,비상대피시설(지하철역)
중앙선 지평역,,37.476393,127.629874,비상대피시설(지하철역)
중앙선 용문역,,37.48223,127.594647,비상대피시설(지하철역)
중앙선 원덕역,,37.468672,127.547076,비상대피시설(지하철역)
중앙선 양평역,,37.492773,127.491837,비상대피시설(지하철역)
중앙선 오빈역,,37.506062,127.473868,비상대피시설(지하철역)
중앙선 아신역,,37.51382,127.443173,비상대피시설(지하철역)
중앙선 국수역,,37.516169,127.399367,비상대피시설(지하철역)
중앙선 신원역,,37.525545,127.372921,비상대피시설(지하철역)
중앙선 양수역,,37.545981,127.329098,비상대피시설(지하철역)
중앙선 운길산역,,37.554669,127.310115,비상대피시설(지하철역)
중앙선 팔당역,,37.547371,127.243939,비상대피시설(지하철역)
중앙선 도심역,,37.579622,127.222672,비상대피시설(지하철역)
중앙선 덕소역,,37.586781,127.208832,비상대피시설(지하철역)
중앙선 양정역,,37.60533,127.19364,비상대피시설(지하철역)
중앙선 도농역,,37.608806,127.161153,비상대피시설(지하철역)
중앙선 구리역,,37.603392,127.143869,비상대피시설(지하철역)
중앙선 양원역,,37.606596,127.107906,비상대피시설(지하철역)
중앙선 망우역,,37.59955,127.091909,비상대피시설(지하철역)
중앙선 상봉(시외버스터미널)역,,37.596678,127.08504,비상대피시설(지하철역)
중앙선 중랑역,,37.594917,127.076116,비상대피시설(지하철역)
경부선 신길역,,37.516862,126.917865,비상대피시설(지하철역)
분당선 복정역,,37.470345,127.126658,비상대피시설(지하철역)
분당선 수서역,,37.487472,127.101422,비상대피시설(지하철역)
분당선 대모산입구역,,37.491373,127.07272,비상대피시설(지하철역)
분당선 개포동역,,37.489116,127.06614,비상대피시설(지하철역)
분당선 구룡역,,37.486839,127.058856,비상대피시설(지하철역)
분당선 도곡역,,37.491224,127.055186,비상대피시설(지하철역)
분당선 한티역,,37.496237,127.052873,비상대피시설(지하철역)
분당선 선릉역,,37.504856,127.048807,비상대피시설(지하철역)
경원선 창동역,,37.653007,127.047806,비상대피시설(지하철역)
경원선 녹천역,,37.644799,127.051269,비상대피시설(지하철역)
경원선 월계역,,37.633212,127.058831,비상대피시설(지하철역)
경원선 광운대역,,37.623632,127.061835,비상대피시설(지하철역)
경원선 석계역,,37.614532,127.065934,비상대피시설(지하철역)
경원선 신이문역,,37.601854,127.067325,비상대피시설(지하철역)
경원선 외대앞역,,37.596073,127.063549,비상대피시설(지하철역)
중앙선 회기역,,37.58946,127.057583,비상대피시설(지하철역)
경원선 청량리(서울시립대입구)역,,37.580759,127.0483,비상대피시설(지하철역)
경원선 왕십리(성동구청)역,,37.561827,127.038352,비상대피시설(지하철역)
경원선 응봉역,,37.549946,127.034538,비상대피시설(지하철역)
경원선 옥수역,,37.540446,127.018672,비상대피시설(지하철역)
경원선 한남역,,37.52943,127.009169,비상대피시설(지하철역)
경원선 서빙고역,,37.519594,126.988537,비상대피시설(지하철역)
경원선 이촌(국립중앙박물관)역,,37.522427,126.973406,비상대피시설(지하철역)
경부선 신도림역,,37.508787,126.891144,비상대피시설(지하철역)
경부선 영등포역,,37.515504,126.907628,비상대피시설(지하철역)
경부선 대방역,,37.513342,126.926382,비상대피시설(지하철역)
경부선 노량진역,,37.514149,126.94271,비상대피시설(지하철역)
경부선 용산역,,37.529849,126.964561,비상대피시설(지하철역)
경부선 남영역,,37.541021,126.9713,비상대피시설(지하철역)
경부선 서울역,,37.554337,126.971134,비상대피시설(지하철역)
4호선 불암산역,,37.670272,127.079066,비상대피시설(지하철역)
